[
    {
        "team_id": "db80e9b2-9387-43ee-9179-3d0d2db891f5",
        "name": "Rohit_team",
        "description": "Smart Team",
        "admin": "35f6d174-868a-47e8-b477-87b091654dfc",
        "creation_time": "2025-07-27T13:47:52.778672",
        "users": [
            "35f6d174-868a-47e8-b477-87b091654dfc"
        ]
    },
    {
        "team_id": "04878a86-91da-4880-9915-df6e00c28605",
        "name": "Omkar_team_updated",
        "description": "unsmart team updated",
        "admin": "34f22b68-c1f4-4a3d-9736-dcb702948365",
        "creation_time": "2025-07-27T13:49:43.603156",
        "users": [
            "34f22b68-c1f4-4a3d-9736-dcb702948365"
        ]
    }
]