[
    {
        "user_id": "35f6d174-868a-47e8-b477-87b091654dfc",
        "name": "Rohit",
        "display_name": "Voldemort_updated",
        "creation_time": "2025-07-27T13:41:40.618419"
    },
    {
        "user_id": "34f22b68-c1f4-4a3d-9736-dcb702948365",
        "name": "Omkar",
        "display_name": "nagpuri_chora",
        "creation_time": "2025-07-27T13:42:16.338106"
    },
    {
        "user_id": "9737e4a3-b129-47b8-8006-af4899336edb",
        "name": "Rohit3",
        "display_name": "voldemort",
        "creation_time": "2025-07-27T15:42:24.527842"
    }
]